{
  "openapi" : "3.0.1",
  "info" : {
    "title" : "discord_http_api_stable_diffusion",
    "version" : "2022-10-04 01:51:14UTC"
  },
  "servers" : [ {
    "url" : "https://dwfkxu0ccb.execute-api.us-east-1.amazonaws.com/{basePath}",
    "variables" : {
      "basePath" : {
        "default" : ""
      }
    }
  } ],
  "paths" : {
    "/discord_stable_diffusion" : {
      "post" : {
        "responses" : {
          "default" : {
            "description" : "Default response for POST /discord_stable_diffusion"
          }
        },
        "x-amazon-apigateway-integration" : {
          "payloadFormatVersion" : "2.0",
          "type" : "aws_proxy",
          "httpMethod" : "POST",
          "uri" : "arn:aws:apigateway:us-east-1:lambda:path/2015-03-31/functions/arn:aws:lambda:us-east-1:710440188130:function:discord_stable_diffusion/invocations",
          "connectionType" : "INTERNET",
          "timeoutInMillis" : 30000
        }
      }
    }
  },
  "components" : {
    "x-amazon-apigateway-integrations" : {
      "unusedIntegration_10ay4ee" : {
        "payloadFormatVersion" : "2.0",
        "type" : "aws_proxy",
        "httpMethod" : "POST",
        "uri" : "arn:aws:apigateway:us-east-1:lambda:path/2015-03-31/functions/arn:aws:lambda:us-east-1:710440188130:function:test_lambda_http_discord/invocations",
        "connectionType" : "INTERNET",
        "timeoutInMillis" : 30000
      },
      "unusedIntegration_jxzcofr" : {
        "payloadFormatVersion" : "1.0",
        "type" : "aws_proxy",
        "httpMethod" : "POST",
        "uri" : "arn:aws:apigateway:us-east-1:lambda:path/2015-03-31/functions/arn:aws:lambda:us-east-1:710440188130:function:js_discord_responder/invocations",
        "connectionType" : "INTERNET"
      },
      "unusedIntegration_ql99l85" : {
        "payloadFormatVersion" : "2.0",
        "type" : "aws_proxy",
        "httpMethod" : "POST",
        "uri" : "arn:aws:apigateway:us-east-1:lambda:path/2015-03-31/functions/arn:aws:lambda:us-east-1:710440188130:function:discord-first-response/invocations",
        "connectionType" : "INTERNET"
      }
    }
  },
  "x-amazon-apigateway-cors" : {
    "allowMethods" : [ "OPTIONS", "PUT" ],
    "allowHeaders" : [ "*" ],
    "exposeHeaders" : [ "*" ],
    "maxAge" : 0,
    "allowCredentials" : false,
    "allowOrigins" : [ "https://discord.com" ]
  },
  "x-amazon-apigateway-importexport-version" : "1.0"
}